Baseline - Traditional CDN-based System,,,,,NovaGenesis - Named Content Distribution,,,
Image,Size (Bytes),Data Transfer Rate (KB/s),Transfer Time (s),,Image,Size (Bytes),Data Transfer Rate (KB/s),Transfer Time (s)
0,"5,870","11,400",0.5149,,0,"5,870",10707.76001,0.548200557
1,"5,890","11,400",0.5167,,1,"5,890",11228.98311,0.524535476
2,"5,830","11,300",0.5159,,2,"5,830",11095.57557,0.525434662
3,"5,910","11,500",0.5139,,3,"5,910",11203.18709,0.527528457
4,"5,860","11,300",0.5186,,4,"5,860",11091.13525,0.528349882
5,"5,840","11,300",0.5168,,5,"5,840",11035.69392,0.529191915
6,"5,840","11,300",0.5168,,6,"5,840",11020.15846,0.529937933
7,"5,850","11,300",0.5177,,7,"5,850",11052.08613,0.529311836
8,"5,880","11,400",0.5158,,8,"5,880",11097.84046,0.52983281
9,"5,830","11,300",0.5159,,9,"5,830",11273.48227,0.517142783
10,"5,860","11,300",0.5186,,10,"5,860",11280.96997,0.519458878
11,"5,870","11,300",0.5195,,11,"5,870",11306.99815,0.519147516
12,"5,840","11,300",0.5168,,12,"5,840",11229.75769,0.52004684
13,"5,850","11,400",0.5132,,13,"5,850",11211.92319,0.521765972
14,"5,880","11,300",0.5204,,14,"5,880",11260.19287,0.522193542
15,"5,830","11,300",0.5159,,15,"5,830",11120.39521,0.524261943
16,"5,850","11,200",0.5223,,16,"5,850",11135.40716,0.525351244
17,"5,820","11,300",0.515,,17,"5,820",11033.53528,0.527482792
18,"5,870","11,400",0.5149,,18,"5,870",11138.27708,0.52701149
19,"5,880","11,400",0.5158,,19,"5,880",11142.38472,0.527714681
20,"5,850","11,700",0.5,,20,"5,850",10929.29849,0.535258508
21,"5,800","11,600",0.5,,21,"5,800",10812.13268,0.536434409
22,"5,880","11,400",0.5158,,22,"5,880",10917.85905,0.538567129
23,"5,840","11,300",0.5168,,23,"5,840",10826.82054,0.539401201
24,"5,850","11,300",0.5177,,24,"5,850",10846.62778,0.539338135
25,"5,830","11,100",0.5252,,25,"5,830",10796.67858,0.53998088
26,"5,900","11,400",0.5175,,26,"5,900",10870.85392,0.542735653
27,"5,870","11,300",0.5195,,27,"5,870",10822.01278,0.542412961
28,"5,860","11,400",0.514,,28,"5,860",10768.15903,0.544197015
29,"5,870","11,400",0.5149,,29,"5,870",10783.51319,0.544349499
30,"5,910","11,400",0.5184,,30,"5,910",10809.30413,0.5467512
31,"5,830","11,300",0.5159,,31,"5,830",11007.87044,0.529621059
32,"5,870","11,400",0.5149,,32,"5,870",11064.88794,0.530506954
33,"5,840","11,400",0.5123,,33,"5,840",11015.24339,0.530174395
34,"5,840","11,300",0.5168,,34,"5,840",11045.80255,0.528707622
35,"5,900","11,400",0.5175,,35,"5,900",11190.87767,0.527215128
36,"5,800","11,300",0.5133,,36,"5,800",10961.00371,0.529148621
37,"5,840","11,300",0.5168,,37,"5,840",11022.99443,0.529801592
38,"5,860","11,400",0.514,,38,"5,860",11053.75722,0.530136485
39,"5,820","11,300",0.515,,39,"5,820",10958.91253,0.531074592
40,"5,870","11,400",0.5149,,40,"5,870",11083.11204,0.529634635
41,"5,870","11,300",0.5195,,41,"5,870",11124.19382,0.527678688
42,"5,830","11,300",0.5159,,42,"5,830",11017.97786,0.529135207
43,"5,820","11,300",0.515,,43,"5,820",11032.24572,0.52754445
44,"5,860","11,300",0.5186,,44,"5,860",11079.44681,0.528907273
45,"5,860","11,300",0.5186,,45,"5,860",11061.86772,0.529747792
46,"5,850","11,300",0.5177,,46,"5,850",11112.52532,0.526432996
47,"5,840","11,300",0.5168,,47,"5,840",10645.27957,0.548599965
48,"5,840","11,300",0.5168,,48,"5,840",10626.79949,0.549553984
49,"5,890","11,400",0.5167,,49,"5,890",10772.18341,0.546778659
50,"5,850","11,300",0.5177,,50,"5,850",10685.91508,0.547449606
51,"5,830","11,200",0.5205,,51,"5,830",10634.07161,0.548237798
52,"5,850","11,400",0.5132,,52,"5,850",10630.44976,0.550305973
53,"5,840","11,000",0.5309,,53,"5,840",10616.73872,0.55007476
54,"5,850","11,300",0.5177,,54,"5,850",10590.51077,0.55238129
55,"5,870","11,400",0.5149,,55,"5,870",10645.81025,0.551390628
56,"5,860","10,100",0.5802,,56,"5,860",10595.34703,0.553072965
57,"5,840","11,300",0.5168,,57,"5,840",10569.07824,0.552555281
58,"5,850","11,300",0.5177,,58,"5,850",10573.77265,0.553255701
59,"5,840","11,300",0.5168,,59,"5,840",10509.83416,0.555670043
60,"5,910","11,500",0.5139,,60,"5,910",10647.22635,0.555074139
61,"5,860","11,400",0.514,,61,"5,860",10513.48122,0.557379604
62,"5,860","11,400",0.514,,62,"5,860",10497.64409,0.558220487
63,"5,870","11,100",0.5288,,63,"5,870",10519.60833,0.558005566
64,"5,810","11,200",0.5188,,64,"5,810",10408.43281,0.55820123
65,"5,830","11,200",0.5205,,65,"5,830",10457.0751,0.557517274
66,"5,860","11,300",0.5186,,66,"5,860",10485.25399,0.558880119
67,"5,850","11,300",0.5177,,67,"5,850",10837.95114,0.539769918
68,"5,880","11,400",0.5158,,68,"5,880",10850.37651,0.541916679
69,"5,870","11,400",0.5149,,69,"5,870",10816.78237,0.542675243
70,"5,880","11,400",0.5158,,70,"5,880",10818.05782,0.543535642
71,"5,840","11,300",0.5168,,71,"5,840",10690.3196,0.546288625
72,"5,840","11,100",0.5261,,72,"5,840",10669.37488,0.547361028
73,"5,870","11,400",0.5149,,73,"5,870",10746.20376,0.54623941
74,"5,850","11,400",0.5132,,74,"5,850",10714.19256,0.546004747
75,"5,860","11,300",0.5186,,75,"5,860",10706.88605,0.547311326
76,"5,880","11,400",0.5158,,76,"5,880",10771.82027,0.545868744
77,"5,840","11,100",0.5261,,77,"5,840",10694.88643,0.546055355
78,"5,880","11,300",0.5204,,78,"5,880",10750.53418,0.546949565
79,"5,830","11,300",0.5159,,79,"5,830",10940.63941,0.532875619
80,"5,820","11,300",0.515,,80,"5,820",10849.01205,0.536454377
81,"5,860","11,300",0.5186,,81,"5,860",10900.84353,0.537573077
82,"5,910","11,500",0.5139,,82,"5,910",10990.34575,0.537744684
83,"5,850","11,300",0.5177,,83,"5,850",10869.15063,0.538220529
84,"5,820","11,200",0.5196,,84,"5,820",10797.81927,0.538997723
85,"5,870","11,400",0.5149,,85,"5,870",10845.29242,0.541248661
86,"5,860","11,300",0.5186,,86,"5,860",10814.64289,0.541857929
87,"5,870","11,400",0.5149,,87,"5,870",10999.03943,0.533682967
88,"5,850","11,300",0.5177,,88,"5,850",10903.5396,0.53652302
89,"5,830","11,300",0.5159,,89,"5,830",10837.60319,0.537941821
90,"5,800","11,200",0.5179,,90,"5,800",10707.60518,0.541671074
91,"5,870","11,400",0.5149,,91,"5,870",10857.31319,0.540649413
92,"5,840","11,300",0.5168,,92,"5,840",10799.23904,0.540778844
93,"5,840","11,300",0.5168,,93,"5,840",10781.38953,0.541674149
94,"5,870","11,000",0.5336,,94,"5,870",10817.32139,0.542648202
95,"5,820","11,300",0.515,,95,"5,820",10738.89974,0.541954962
96,"5,850","11,300",0.5177,,96,"5,850",10777.70743,0.542787048
97,"5,900","11,400",0.5175,,97,"5,900",10886.80963,0.541940219
98,"5,830","11,300",0.5159,,98,"5,830",10755.16105,0.542065337
99,"5,820","11,900",0.4891,,99,"5,820",10707.11441,0.543563819
100,"5,830","11,300",0.5159,,100,"5,830",10760.01955,0.541820577
101,"5,840","11,300",0.5168,,101,"5,840",10764.34687,0.542531755
102,"5,890","11,400",0.5167,,102,"5,890",10819.46998,0.544388959
103,"5,860","11,200",0.5232,,103,"5,860",10872.10003,0.538994305
104,"5,850","11,300",0.5177,,104,"5,850",10834.87125,0.539923352
105,"5,860","11,400",0.514,,105,"5,860",10644.18671,0.550535251
106,"5,890","11,400",0.5167,,106,"5,890",10756.77203,0.547562037
107,"5,870","11,400",0.5149,,107,"5,870",10498.75252,0.559114046
108,"5,880","11,400",0.5158,,108,"5,880",10409.98923,0.564842083
109,"5,830","10,700",0.5449,,109,"5,830",10326.66845,0.564557682
110,"5,820","11,300",0.515,,110,"5,820",10296.08896,0.565263181
111,"5,870","11,400",0.5149,,111,"5,870",10362.48633,0.566466368
112,"5,880","11,400",0.5158,,112,"5,880",10341.4824,0.568583862
113,"5,870","11,400",0.5149,,113,"5,870",10311.0407,0.569292681
114,"5,880","11,400",0.5158,,114,"5,880",10322.2921,0.569640923
115,"5,830","11,300",0.5159,,115,"5,830",10225.28346,0.570155343
116,"5,820","11,600",0.5017,,116,"5,820",10167.09695,0.572434789
117,"5,840","11,300",0.5168,,117,"5,840",10226.28522,0.571077363
118,"5,850","11,300",0.5177,,118,"5,850",10268.25857,0.569716857
119,"5,870","11,400",0.5149,,119,"5,870",10289.68765,0.570474071
120,"5,830","11,300",0.5159,,120,"5,830",10176.59734,0.572883038
121,"5,830","11,200",0.5205,,121,"5,830",10166.26495,0.573465282
122,"5,860","11,400",0.514,,122,"5,860",10213.89087,0.573728472
123,"5,840","11,300",0.5168,,123,"5,840",10151.56446,0.575280788
124,"5,860","11,300",0.5186,,124,"5,860",10173.9194,0.575982546
125,"5,830","11,300",0.5159,,125,"5,830",10085.02028,0.578085104
126,"5,850","11,200",0.5223,,126,"5,850",10103.13188,0.579028372
127,"5,850","11,300",0.5177,,127,"5,850",11068.07541,0.528547176
128,"5,860","11,300",0.5186,,128,"5,860",11040.59284,0.530768599
129,"5,810","11,400",0.5096,,129,"5,810",10934.25052,0.531357864
130,"5,840","11,300",0.5168,,130,"5,840",10913.84443,0.535100169
131,"5,860","11,300",0.5186,,131,"5,860",10981.11513,0.533643435
132,"5,840","11,300",0.5168,,132,"5,840",10922.99329,0.534651981
133,"5,850","11,300",0.5177,,133,"5,850",11209.66272,0.521871188
134,"5,850","10,900",0.5367,,134,"5,850",11190.79306,0.522751155
135,"5,850","11,400",0.5132,,135,"5,850",11102.19294,0.526922927
136,"5,890","11,400",0.5167,,136,"5,890",11174.3852,0.52709835
137,"5,870","11,300",0.5195,,137,"5,870",11090.72443,0.529271107
138,"5,860","11,400",0.514,,138,"5,860",11064.09072,0.529641355
139,"5,860","11,400",0.514,,139,"5,860",11018.39526,0.531837882
140,"5,840","11,300",0.5168,,140,"5,840",10973.37498,0.532197251
141,"5,860","11,300",0.5186,,141,"5,860",10971.9303,0.534090159
142,"5,860","11,400",0.514,,142,"5,860",10947.86696,0.535264086
143,"5,890","11,400",0.5167,,143,"5,890",11012.30135,0.534856413
144,"5,850","11,400",0.5132,,144,"5,850",10903.84254,0.536508114
145,"5,850","11,300",0.5177,,145,"5,850",10878.36013,0.537764877
146,"5,860","11,300",0.5186,,146,"5,860",10877.75488,0.538714106
147,"5,860","11,400",0.514,,147,"5,860",10921.68111,0.536547436
148,"5,830","11,200",0.5205,,148,"5,830",10821.69845,0.538732439
149,"5,840","11,400",0.5123,,149,"5,840",10847.68031,0.538363948
150,"5,880","11,200",0.525,,150,"5,880",10950.40853,0.536966268
151,"5,890","11,400",0.5167,,151,"5,890",10917.05987,0.539522552
152,"5,870","11,400",0.5149,,152,"5,870",10894.03489,0.538826987
153,"5,830","11,300",0.5159,,153,"5,830",10816.65566,0.538983599
154,"5,900","11,400",0.5175,,154,"5,900",11082.8773,0.532352731
155,"5,860","11,400",0.514,,155,"5,860",10939.00795,0.535697572
156,"5,880","10,400",0.5654,,156,"5,880",10961.08267,0.536443358
157,"5,870","11,400",0.5149,,157,"5,870",11073.81506,0.530079288
158,"5,860","11,300",0.5186,,158,"5,860",11030.93485,0.531233307
159,"5,830","11,300",0.5159,,159,"5,830",10952.71652,0.532288039
160,"5,880","11,400",0.5158,,160,"5,880",11006.68885,0.534220607
161,"5,890","11,400",0.5167,,161,"5,890",11005.88945,0.535168014
162,"5,860","11,400",0.514,,162,"5,860",10929.29764,0.536173521
163,"5,820","11,300",0.515,,163,"5,820",10839.99431,0.536900651
164,"5,860","11,400",0.514,,164,"5,860",10879.49801,0.538627793
165,"5,850","11,300",0.5177,,165,"5,850",10806.68974,0.541331355
166,"5,800","11,200",0.5179,,166,"5,800",10703.09495,0.541899332
167,"5,850","11,300",0.5177,,167,"5,850",11211.51643,0.521784902
168,"5,880","11,200",0.525,,168,"5,880",10892.9784,0.53979727
169,"5,840","11,300",0.5168,,169,"5,840",10796.41524,0.540920284
170,"5,850","11,300",0.5177,,170,"5,850",10800.63756,0.541634692
171,"5,870","11,400",0.5149,,171,"5,870",10747.50064,0.546173496
172,"5,860","11,400",0.514,,172,"5,860",10705.50471,0.547381946
173,"5,820","11,300",0.515,,173,"5,820",10583.88566,0.549892562
174,"5,870","11,400",0.5149,,174,"5,870",10654.2538,0.550953648
175,"5,840","11,200",0.5214,,175,"5,840",10568.94382,0.552562309
176,"5,910","11,400",0.5184,,176,"5,910",10723.16399,0.551143301
177,"5,850","11,300",0.5177,,177,"5,850",10602.47372,0.551758029
178,"5,800","11,300",0.5133,,178,"5,800",10513.9619,0.551647424
179,"5,840","11,400",0.5123,,179,"5,840",10542.4166,0.553952687
180,"5,820","11,300",0.515,,180,"5,820",10486.0384,0.555023716
181,"5,850","11,300",0.5177,,181,"5,850",10537.64774,0.555152359
182,"5,810","11,300",0.5142,,182,"5,810",10448.65866,0.556052235
183,"5,880","11,300",0.5204,,183,"5,880",10582.9579,0.555610261
184,"5,860","11,400",0.514,,184,"5,860",10528.06045,0.556607746
185,"5,830","11,300",0.5159,,185,"5,830",10433.80835,0.558760503
186,"5,840","11,300",0.5168,,186,"5,840",10377.66901,0.562746797
187,"5,840","11,300",0.5168,,187,"5,840",10419.62637,0.56048075
188,"5,850","11,400",0.5132,,188,"5,850",10312.14465,0.567292275
189,"5,850","11,200",0.5223,,189,"5,850",10298.71513,0.568032024
190,"5,830","11,300",0.5159,,190,"5,830",10197.2745,0.571721395
191,"5,820","11,300",0.515,,191,"5,820",10167.28144,0.572424402
192,"5,840","11,400",0.5123,,192,"5,840",10299.21923,0.567033274
193,"5,830","11,300",0.5159,,193,"5,830",10326.39036,0.564572885
194,"5,870","11,400",0.5149,,194,"5,870",10399.79521,0.564434191
195,"5,870","11,400",0.5149,,195,"5,870",10436.54527,0.562446657
196,"5,850","11,100",0.527,,196,"5,850",10404.68842,0.562246534
197,"5,850","11,300",0.5177,,197,"5,850",10428.89527,0.560941485
198,"5,850","11,300",0.5177,,198,"5,850",10365.81889,0.564354834
199,"5,860","11,300",0.5186,,199,"5,860",10357.43064,0.565777383
200,"5,870","11,300",0.5195,,200,"5,870",10361.37526,0.566527112
201,"5,830","11,300",0.5159,,201,"5,830",10271.09214,0.567612472
202,"5,850","11,300",0.5177,,202,"5,850",10309.88813,0.567416438
203,"5,820","11,300",0.515,,203,"5,820",10241.37298,0.56828318
204,"5,870","11,300",0.5195,,204,"5,870",10253.73299,0.572474435
205,"5,840","11,400",0.5123,,205,"5,840",10185.53826,0.573361942
206,"5,860","11,300",0.5186,,206,"5,860",10242.30307,0.572136946
207,"5,850","11,200",0.5223,,207,"5,850",11269.59314,0.519095936
208,"5,860","11,400",0.514,,208,"5,860",11310.70659,0.518093185
209,"5,870","11,400",0.5149,,209,"5,870",11214.67902,0.523421133
210,"5,860","11,300",0.5186,,210,"5,860",11058.03374,0.529931463
211,"5,870","11,400",0.5149,,211,"5,870",11079.27527,0.529818048
212,"5,860","11,300",0.5186,,212,"5,860",11014.88529,0.532007356
213,"5,860","11,400",0.514,,213,"5,860",10999.26082,0.532763073
214,"5,840","11,300",0.5168,,214,"5,840",10944.1509,0.533618373
215,"5,840","11,300",0.5168,,215,"5,840",10959.92152,0.532850531
216,"5,860","11,300",0.5186,,216,"5,860",11026.61303,0.531441521
217,"5,840","11,300",0.5168,,217,"5,840",10985.98362,0.531586447
218,"5,860","11,400",0.514,,218,"5,860",11002.45806,0.532608256
219,"5,890","11,400",0.5167,,219,"5,890",11084.13047,0.531390353
220,"5,850","11,300",0.5177,,220,"5,850",10988.73804,0.532363223
221,"5,880","11,400",0.5158,,221,"5,880",11052.53583,0.532004609
222,"5,830","11,200",0.5205,,222,"5,830",10941.17395,0.532849585
223,"5,800","11,200",0.5179,,223,"5,800",10913.52846,0.531450486
224,"5,820","11,200",0.5196,,224,"5,820",10890.43822,0.534413757
225,"5,850","11,300",0.5177,,225,"5,850",10930.56531,0.535196473
226,"5,870","11,400",0.5149,,226,"5,870",10929.04105,0.537101103
227,"5,870","11,100",0.5288,,227,"5,870",11308.75333,0.519066941
228,"5,860","11,400",0.514,,228,"5,860",11214.98894,0.522515005
229,"5,870","11,400",0.5149,,229,"5,870",10631.80624,0.552116909
230,"5,840","11,300",0.5168,,230,"5,840",10529.9008,0.554611113
231,"5,860","11,300",0.5186,,231,"5,860",10499.02871,0.558146869
232,"5,850","11,300",0.5177,,232,"5,850",10429.99165,0.56088252
233,"5,820","11,300",0.515,,233,"5,820",10330.60002,0.563374827
234,"5,860","11,400",0.514,,234,"5,860",10388.77667,0.564070264
235,"5,910","11,400",0.5184,,235,"5,910",10470.07295,0.564465981
236,"5,800","11,200",0.5179,,236,"5,800",10353.64342,0.560189275
237,"5,850","11,300",0.5177,,237,"5,850",10425.43607,0.561127608
238,"5,820","11,300",0.515,,238,"5,820",10330.23656,0.563394649
239,"5,890","11,400",0.5167,,239,"5,890",10435.10799,0.564440733
240,"5,880","11,400",0.5158,,240,"5,880",10406.65577,0.565023013
241,"5,840","11,300",0.5168,,241,"5,840",10316.80553,0.566066694
242,"5,850","11,300",0.5177,,242,"5,850",10322.84704,0.566704125
243,"5,860","11,300",0.5186,,243,"5,860",10299.66161,0.568950731
244,"5,870","11,400",0.5149,,244,"5,870",10300.4802,0.569876344
245,"5,830","11,300",0.5159,,245,"5,830",10372.56586,0.562059579
246,"5,870","11,100",0.5288,,246,"5,870",10440.31204,0.562243732
247,"5,840","11,300",0.5168,,247,"5,840",10668.97697,0.547381442
248,"5,850","11,300",0.5177,,248,"5,850",10582.56528,0.552796023
249,"5,830","11,300",0.5159,,249,"5,830",10501.90035,0.555137623
250,"5,850","11,300",0.5177,,250,"5,850",10562.93737,0.553823221
251,"5,830","11,300",0.5159,,251,"5,830",10504.24249,0.555013844
252,"5,820","11,300",0.515,,252,"5,820",10476.85554,0.555510189
253,"5,820","11,300",0.515,,253,"5,820",10463.75937,0.556205451
254,"5,850","11,300",0.5177,,254,"5,850",10586.01486,0.552615888
255,"5,850","11,400",0.5132,,255,"5,850",10544.78508,0.554776599
256,"5,860","10,400",0.5635,,256,"5,860",10582.29875,0.55375492
257,"5,820","11,300",0.515,,257,"5,820",10497.9491,0.554394001
258,"5,870","11,400",0.5149,,258,"5,870",10514.33959,0.558285183
259,"5,860","11,400",0.514,,259,"5,860",10482.41409,0.559031531
260,"5,870","11,400",0.5149,,260,"5,870",10498.91463,0.559105413
261,"5,870","11,400",0.5149,,261,"5,870",10488.37122,0.559667452
262,"5,880","11,400",0.5158,,262,"5,880",10491.94838,0.560429749
263,"5,860","11,400",0.514,,263,"5,860",10460.22209,0.560217551
264,"5,810","11,300",0.5142,,264,"5,810",10331.47722,0.562359078
265,"5,860","11,300",0.5186,,265,"5,860",10474.90373,0.559432349
266,"5,880","11,400",0.5158,,266,"5,880",10514.19331,0.559244045
267,"5,870","11,300",0.5195,,267,"5,870",11305.74111,0.519205238
268,"5,870","11,400",0.5149,,268,"5,870",11332.94151,0.517959084
269,"5,850","11,300",0.5177,,269,"5,850",11248.1722,0.520084499
270,"5,840","11,300",0.5168,,270,"5,840",11243.95975,0.519389977
271,"5,860","11,400",0.514,,271,"5,860",11281.25987,0.519445529
272,"5,830","11,300",0.5159,,272,"5,830",10890.20411,0.535343501
273,"5,890","11,400",0.5167,,273,"5,890",11181.4209,0.526766683
274,"5,840","11,100",0.5261,,274,"5,840",11017.50704,0.530065466
275,"5,800","11,300",0.5133,,275,"5,800",10873.92706,0.533385958
276,"5,870","11,200",0.5241,,276,"5,870",10994.93964,0.533881967
277,"5,870","11,300",0.5195,,277,"5,870",10979.83127,0.534616594
278,"5,860","11,400",0.514,,278,"5,860",10921.75706,0.536543705
279,"5,830","11,300",0.5159,,279,"5,830",10816.16756,0.539007922
280,"5,820","11,300",0.515,,280,"5,820",10781.80882,0.539798108
281,"5,890","11,400",0.5167,,281,"5,890",10940.55675,0.538363827
282,"5,850","11,300",0.5177,,282,"5,850",10863.55744,0.538497636
283,"5,880","10,500",0.56,,283,"5,880",10899.50747,0.539473918
284,"5,870","11,400",0.5149,,284,"5,870",10859.75502,0.540527847
285,"5,850","11,300",0.5177,,285,"5,850",10778.85218,0.542729402
286,"5,860","11,400",0.514,,286,"5,860",10773.55796,0.543924303
287,"5,860","11,400",0.514,,287,"5,860",10265.54095,0.570841812
288,"5,860","11,400",0.514,,288,"5,860",10219.9975,0.573385659
289,"5,830","10,400",0.5606,,289,"5,830",10148.95062,0.574443627
290,"5,860","11,300",0.5186,,290,"5,860",10110.51289,0.579594731
291,"5,850","11,300",0.5177,,291,"5,850",10050.7017,0.582048913
292,"5,880","11,400",0.5158,,292,"5,880",10064.54635,0.584229015
293,"5,870","11,400",0.5149,,293,"5,870",10021.20701,0.585757783
294,"5,840","11,300",0.5168,,294,"5,840",9976.584325,0.585370685
295,"5,870","11,300",0.5195,,295,"5,870",10014.60493,0.586143941
296,"5,830","11,200",0.5205,,296,"5,830",9927.271249,0.58727115
297,"5,850","11,400",0.5132,,297,"5,850",9964.765113,0.587068529
298,"5,830","11,300",0.5159,,298,"5,830",9916.551015,0.587906016
299,"5,820","11,300",0.515,,299,"5,820",9907.310743,0.587444984
300,"5,830","11,300",0.5159,,300,"5,830",9910.464329,0.588267089
301,"5,870","11,400",0.5149,,301,"5,870",9932.224344,0.591005579
302,"5,870","11,400",0.5149,,302,"5,870",9899.554751,0.592955961
303,"5,860","11,300",0.5186,,303,"5,860",9850.701888,0.594881468
304,"5,880","11,400",0.5158,,304,"5,880",9870.32072,0.595725323
305,"5,840","11,300",0.5168,,305,"5,840",9787.770813,0.596662929
306,"5,880","11,400",0.5158,,306,"5,880",9808.760503,0.599464122
307,"5,850","11,300",0.5177,,307,"5,850",11247.61767,0.52011014
308,"5,900","11,200",0.5268,,308,"5,900",11391.15982,0.517945503
309,"5,820","11,200",0.5196,,309,"5,820",9869.403608,0.589701286
310,"5,820","11,300",0.515,,310,"5,820",9830.291004,0.59204758
311,"5,880","11,400",0.5158,,311,"5,880",9924.202918,0.592490908
312,"5,840","11,300",0.5168,,312,"5,840",9838.706883,0.593573939
313,"5,810","11,300",0.5142,,313,"5,810",9730.157479,0.597112638
314,"5,820","11,300",0.515,,314,"5,820",10192.77067,0.570992931
315,"5,870","10,900",0.5385,,315,"5,870",10265.06124,0.571842667
316,"5,870","11,400",0.5149,,316,"5,870",10271.93019,0.57146027
317,"5,860","11,400",0.514,,317,"5,860",10286.6463,0.569670603
318,"5,860","11,400",0.514,,318,"5,860",10275.26814,0.570301419
319,"5,860","11,400",0.514,,319,"5,860",10230.14538,0.572816884
320,"5,820","11,300",0.515,,320,"5,820",10179.6381,0.571729559
321,"5,830","11,300",0.5159,,321,"5,830",10161.56272,0.573730651
322,"5,880","11,300",0.5204,,322,"5,880",10233.84533,0.574564087
323,"5,840","11,000",0.5309,,323,"5,840",10150.73318,0.5753279
324,"5,900","11,400",0.5175,,324,"5,900",10214.49179,0.577610724
325,"5,860","10,900",0.5376,,325,"5,860",10137.10723,0.578074185
326,"5,870","11,100",0.5288,,326,"5,870",10203.82751,0.575274326
327,"5,860","11,400",0.514,,327,"5,860",10818.60236,0.541659616
328,"5,820","11,100",0.5243,,328,"5,820",10734.38152,0.542183077
329,"5,890","11,400",0.5167,,329,"5,890",10845.87328,0.543063693
330,"5,870","11,300",0.5195,,330,"5,870",10781.08407,0.544472148
331,"5,840","11,300",0.5168,,331,"5,840",10723.13133,0.544617036
332,"5,860","11,300",0.5186,,332,"5,860",10731.52829,0.546054564
333,"5,830","11,300",0.5159,,333,"5,830",10677.34457,0.546015909
334,"5,850","11,300",0.5177,,334,"5,850",10669.37634,0.548298215
335,"5,800","11,300",0.5133,,335,"5,800",10514.53215,0.551617506
336,"5,870","11,400",0.5149,,336,"5,870",10987.41941,0.534247377
337,"5,860","11,300",0.5186,,337,"5,860",11018.90906,0.531813083
338,"5,900","11,000",0.5364,,338,"5,900",11218.58208,0.525913164
339,"5,870","11,400",0.5149,,339,"5,870",11149.32676,0.526489189
340,"5,900","11,400",0.5175,,340,"5,900",11192.46558,0.52714033
341,"5,840","11,300",0.5168,,341,"5,840",11028.43255,0.529540347
342,"5,880","11,400",0.5158,,342,"5,880",11083.87665,0.53050031
343,"5,830","11,300",0.5159,,343,"5,830",10935.91857,0.533105652
344,"5,870","11,300",0.5195,,344,"5,870",10994.20342,0.533917718
345,"5,880","11,400",0.5158,,345,"5,880",11008.9516,0.534110805
346,"5,830","11,200",0.5205,,346,"5,830",10887.43866,0.535479481
347,"5,810","11,300",0.5142,,347,"5,810",10440.9406,0.556463275
348,"5,850","11,300",0.5177,,348,"5,850",10511.84787,0.556514903
349,"5,790","10,900",0.5312,,349,"5,790",10325.70809,0.560736363
350,"5,870","11,400",0.5149,,350,"5,870",10493.69809,0.559383351
351,"5,870","11,400",0.5149,,351,"5,870",10532.94069,0.557299255
352,"5,860","11,400",0.514,,352,"5,860",10515.27975,0.55728427
353,"5,830","11,300",0.5159,,353,"5,830",10485.06208,0.556029135
354,"5,860","11,300",0.5186,,354,"5,860",10498.1091,0.558195761
355,"5,850","11,400",0.5132,,355,"5,850",10398.68814,0.562570963
356,"5,860","11,400",0.514,,356,"5,860",10431.90953,0.561738
357,"5,800","11,200",0.5179,,357,"5,800",10291.77711,0.563556705
358,"5,860","11,400",0.514,,358,"5,860",10330.66533,0.567243233
359,"5,850","11,400",0.5132,,359,"5,850",10279.88729,0.569072387
360,"5,850","11,300",0.5177,,360,"5,850",10292.78779,0.568359138
361,"5,870","11,400",0.5149,,361,"5,870",10322.24067,0.568674979
362,"5,870","11,400",0.5149,,362,"5,870",10306.08216,0.569566583
363,"5,850","11,300",0.5177,,363,"5,850",10391.16823,0.562978086
364,"5,820","11,300",0.515,,364,"5,820",10316.94405,0.564120535
365,"5,870","11,400",0.5149,,365,"5,870",10414.6346,0.563629952
366,"5,890","11,400",0.5167,,366,"5,890",10431.76717,0.564621497
367,"5,840","11,200",0.5214,,367,"5,840",10975.56768,0.532090929
368,"5,870","11,400",0.5149,,368,"5,870",11003.26205,0.533478161
369,"5,870","11,400",0.5149,,369,"5,870",10982.12535,0.534504917
370,"5,870","11,400",0.5149,,370,"5,870",10981.21976,0.534548996
371,"5,830","11,300",0.5159,,371,"5,830",10886.36821,0.535532134
372,"5,890","11,100",0.5306,,372,"5,890",10999.25601,0.535490764
373,"5,850","11,300",0.5177,,373,"5,850",10888.29993,0.537273958
374,"5,860","11,300",0.5186,,374,"5,860",10893.46851,0.537937021
375,"5,830","11,300",0.5159,,375,"5,830",10761.31292,0.541755457
376,"5,850","10,700",0.5467,,376,"5,850",10780.62836,0.542639984
377,"5,860","11,300",0.5186,,377,"5,860",10794.54234,0.542866924
378,"5,820","11,300",0.515,,378,"5,820",10737.4745,0.542026898
379,"5,870","11,400",0.5149,,379,"5,870",10814.57353,0.542786082
380,"5,890","11,400",0.5167,,380,"5,890",10837.37951,0.543489318
381,"5,890","11,400",0.5167,,381,"5,890",10802.88741,0.545224603
382,"5,860","11,300",0.5186,,382,"5,860",10737.05151,0.545773669
383,"5,800","10,200",0.5686,,383,"5,800",10621.79771,0.546046927
384,"5,820","10,900",0.5339,,384,"5,820",10650.913,0.546432029
385,"5,900","11,400",0.5175,,385,"5,900",10778.3986,0.54739115
386,"5,890","11,400",0.5167,,386,"5,890",10692.01839,0.550878215
387,"5,880","11,400",0.5158,,387,"5,880",11267.01157,0.521877515
388,"5,870","11,400",0.5149,,388,"5,870",11202.74684,0.523978635
389,"5,870","11,400",0.5149,,389,"5,870",11243.21508,0.522092654
390,"5,820","11,300",0.515,,390,"5,820",11177.16963,0.520704274
391,"5,860","11,400",0.514,,391,"5,860",11227.77532,0.521919956
392,"5,840","11,400",0.5123,,392,"5,840",11170.463,0.522807336
393,"5,820","11,300",0.515,,393,"5,820",11125.16446,0.523138334
394,"5,850","11,300",0.5177,,394,"5,850",11133.81311,0.525426459
395,"5,900","11,300",0.5221,,395,"5,900",11128.41546,0.530174311
396,"5,840","11,300",0.5168,,396,"5,840",10913.91656,0.535096633
397,"5,850","11,300",0.5177,,397,"5,850",10866.43854,0.53835486
398,"5,890","11,400",0.5167,,398,"5,890",10840.54883,0.543330425
399,"5,850","10,000",0.585,,399,"5,850",10376.02448,0.563799749
400,"5,840","11,300",0.5168,,400,"5,840",10249.12046,0.569804992
401,"5,830","11,300",0.5159,,401,"5,830",10213.42561,0.570817297
402,"5,840","11,300",0.5168,,402,"5,840",10214.95607,0.571710731
403,"5,850","11,400",0.5132,,403,"5,850",10238.4414,0.57137603
404,"5,890","11,400",0.5167,,404,"5,890",10169.34961,0.579191416
405,"5,830","11,300",0.5159,,405,"5,830",10110.90712,0.57660504
406,"5,870","11,400",0.5149,,406,"5,870",10181.0905,0.576559063
407,"5,850","11,300",0.5177,,407,"5,850",11217.05614,0.521527211
408,"5,840","11,300",0.5168,,408,"5,840",11254.94118,0.518883209
409,"5,880","11,400",0.5158,,409,"5,880",11278.38859,0.521351073
410,"5,840","11,300",0.5168,,410,"5,840",11153.86298,0.523585417
411,"5,850","11,300",0.5177,,411,"5,850",11165.028,0.523957486
412,"5,860","11,300",0.5186,,412,"5,860",11166.90654,0.524764847
413,"5,890","11,400",0.5167,,413,"5,890",11058.13458,0.532639566
414,"5,860","11,300",0.5186,,414,"5,860",10837.60404,0.540709919
415,"5,900","11,400",0.5175,,415,"5,900",10971.28335,0.537767535
416,"5,850","11,300",0.5177,,416,"5,850",10866.90044,0.538331977
417,"5,850","11,300",0.5177,,417,"5,850",10821.42075,0.54059445
418,"5,890","11,400",0.5167,,418,"5,890",10850.58095,0.542828078
419,"5,850","11,300",0.5177,,419,"5,850",10763.02709,0.543527388
420,"5,870","11,400",0.5149,,420,"5,870",10776.82691,0.54468723
421,"5,850","11,300",0.5177,,421,"5,850",10730.84689,0.545157345
422,"5,840","11,300",0.5168,,422,"5,840",10674.58736,0.547093747
423,"5,850","11,300",0.5177,,423,"5,850",10940.48552,0.534711187
424,"5,810","11,300",0.5142,,424,"5,810",10846.18565,0.535672188
425,"5,840","11,300",0.5168,,425,"5,840",10862.98803,0.537605306
426,"5,920","11,500",0.5148,,426,"5,920",11002.74449,0.538047576
427,"5,820","11,300",0.515,,427,"5,820",11112.92537,0.523714486
428,"5,890","11,400",0.5167,,428,"5,890",11235.83702,0.524215507
429,"5,860","11,300",0.5186,,429,"5,860",11156.49135,0.525254743
430,"5,870","11,400",0.5149,,430,"5,870",11152.63357,0.526333082
431,"5,840","10,600",0.5509,,431,"5,840",10958.5594,0.532916763
432,"5,830","11,300",0.5159,,432,"5,830",10872.57941,0.536211306
433,"5,850","11,300",0.5177,,433,"5,850",10903.49945,0.536524996
434,"5,830","11,200",0.5205,,434,"5,830",10854.72368,0.537093359
435,"5,870","11,400",0.5149,,435,"5,870",10863.15753,0.540358545
436,"5,870","11,400",0.5149,,436,"5,870",10836.00844,0.541712387
437,"5,880","11,300",0.5204,,437,"5,880",10610.57618,0.554164062
438,"5,810","11,300",0.5142,,438,"5,810",10463.66853,0.555254592
439,"5,890","11,400",0.5167,,439,"5,890",10599.45742,0.555688821
440,"5,870","11,300",0.5195,,440,"5,870",10520.10338,0.557979308
441,"5,800","10,900",0.5321,,441,"5,800",10427.89246,0.556200596
442,"5,840","11,300",0.5168,,442,"5,840",10481.40677,0.557177116
443,"5,840","11,400",0.5123,,443,"5,840",10429.95386,0.559925775
444,"5,870","11,300",0.5195,,444,"5,870",10468.24745,0.560743336
445,"5,840","11,300",0.5168,,445,"5,840",10480.9464,0.55720159
446,"5,830","11,300",0.5159,,446,"5,830",10418.07672,0.559604249
447,"5,850","11,300",0.5177,,447,"5,850",11274.8927,0.518851944
448,"5,860","10,900",0.5376,,448,"5,860",11273.36197,0.519809443
449,"5,830","11,300",0.5159,,449,"5,830",11171.275,0.521874182
450,"5,840","11,400",0.5123,,450,"5,840",11137.56876,0.52435142
451,"5,850","11,300",0.5177,,451,"5,850",10773.55757,0.542996124
452,"5,840","11,300",0.5168,,452,"5,840",10740.62775,0.543729858
453,"5,840","11,300",0.5168,,453,"5,840",10721.47229,0.54470131
454,"5,830","11,300",0.5159,,454,"5,830",10687.05746,0.545519664
455,"5,860","11,300",0.5186,,455,"5,860",10703.49693,0.547484625
456,"5,840","11,300",0.5168,,456,"5,840",10659.70523,0.547857551
457,"5,840","11,300",0.5168,,457,"5,840",10616.03504,0.550111221
458,"5,830","10,600",0.55,,458,"5,830",10618.52189,0.549040635
459,"5,840","11,300",0.5168,,459,"5,840",10616.813,0.550070911
460,"5,870","11,400",0.5149,,460,"5,870",10634.08465,0.551998615
461,"5,860","11,400",0.514,,461,"5,860",10600.01107,0.552829611
462,"5,880","11,100",0.5297,,462,"5,880",10625.18951,0.553401894
463,"5,830","11,300",0.5159,,463,"5,830",10489.91356,0.555771977
464,"5,820","11,200",0.5196,,464,"5,820",10458.46796,0.55648686
465,"5,820","11,300",0.515,,465,"5,820",10438.78648,0.557536071
466,"5,850","10,800",0.5417,,466,"5,850",10476.73029,0.558380319
467,"5,830","11,300",0.5159,,467,"5,830",11192.10806,0.520902762
468,"5,850","10,800",0.5417,,468,"5,850",11266.04571,0.519259388
469,"5,870","11,100",0.5288,,469,"5,870",11283.15333,0.520244636
470,"5,880","11,400",0.5158,,470,"5,880",11296.67137,0.520507308
471,"5,860","10,900",0.5376,,471,"5,860",11283.68939,0.519333686
472,"5,850","11,300",0.5177,,472,"5,850",11218.97973,0.52143779
473,"5,880","11,400",0.5158,,473,"5,880",11242.6452,0.523008589
474,"5,910","11,400",0.5184,,474,"5,910",11256.3187,0.525038439
475,"5,850","11,300",0.5177,,475,"5,850",11125.97818,0.525796465
476,"5,830","11,000",0.53,,476,"5,830",11035.43723,0.528298053
477,"5,850","11,100",0.527,,477,"5,850",11019.77336,0.530863912
478,"5,870","11,400",0.5149,,478,"5,870",11032.57795,0.532060596
479,"5,850","11,400",0.5132,,479,"5,850",10986.30532,0.532481105
480,"5,850","11,300",0.5177,,480,"5,850",10937.90709,0.534837237
481,"5,840","11,300",0.5168,,481,"5,840",10884.79751,0.536528125
482,"5,850","11,300",0.5177,,482,"5,850",10812.87537,0.54102168
483,"5,840","11,300",0.5168,,483,"5,840",10757.29696,0.542887309
484,"5,860","11,400",0.514,,484,"5,860",10753.4478,0.544941502
485,"5,820","11,200",0.5196,,485,"5,820",10695.02654,0.544178173
486,"5,870","10,800",0.5435,,486,"5,870",10710.56767,0.548056852
487,"5,850","11,200",0.5223,,487,"5,850",11017.84906,0.530956629
488,"5,810","11,300",0.5142,,488,"5,810",10942.80319,0.530942566
489,"5,880","11,400",0.5158,,489,"5,880",11064.7929,0.531415279
490,"5,860","11,400",0.514,,490,"5,860",10921.46256,0.536558173
491,"5,880","11,400",0.5158,,491,"5,880",10884.17199,0.540234021
492,"5,900","11,400",0.5175,,492,"5,900",10730.61325,0.549828781
493,"5,870","11,400",0.5149,,493,"5,870",10646.41369,0.551359375
494,"5,820","11,300",0.515,,494,"5,820",10523.97187,0.553023143
495,"5,890","11,400",0.5167,,495,"5,890",10645.14433,0.553303912
496,"5,860","11,400",0.514,,496,"5,860",10648.73001,0.550300364
497,"5,850","11,300",0.5177,,497,"5,850",10624.38997,0.550619849
498,"5,870","11,400",0.5149,,498,"5,870",10657.45714,0.550788047
499,"5,880","11,400",0.5158,,499,"5,880",10674.05041,0.550868674
500,"5,830","11,300",0.5159,,500,"5,830",10570.34896,0.551542813
501,"5,870","11,300",0.5195,,501,"5,870",10610.79329,0.553210287
502,"5,870","11,300",0.5195,,502,"5,870",10598.26569,0.553864205
503,"5,860","11,400",0.514,,503,"5,860",10628.16832,0.551364997
504,"5,830","11,400",0.5114,,504,"5,830",10555.9217,0.552296632
505,"5,830","11,300",0.5159,,505,"5,830",10561.62707,0.551998282
506,"5,840","11,400",0.5123,,506,"5,840",10583.53425,0.551800548
507,"5,830","11,300",0.5159,,507,"5,830",11222.6989,0.519482885
508,"5,880","11,300",0.5204,,508,"5,880",11118.65825,0.528840789
509,"5,830","11,400",0.5114,,509,"5,830",10957.44515,0.532058333
510,"5,830","11,300",0.5159,,510,"5,830",10931.04291,0.533343438
511,"5,860","11,300",0.5186,,511,"5,860",10924.21288,0.536423087
512,"5,820","11,300",0.515,,512,"5,820",10831.82764,0.537305448
513,"5,810","11,400",0.5096,,513,"5,810",10834.0251,0.536273448
514,"5,860","11,300",0.5186,,514,"5,860",11048.92238,0.530368465
515,"5,860","11,400",0.514,,515,"5,860",11001.84171,0.532638094
516,"5,840","11,300",0.5168,,516,"5,840",10394.40256,0.561840853
517,"5,840","11,300",0.5168,,517,"5,840",10379.06387,0.562671169
518,"5,890","11,400",0.5167,,518,"5,890",10431.52984,0.564634343
519,"5,850","11,300",0.5177,,519,"5,850",10314.97601,0.567136559
520,"5,890","11,400",0.5167,,520,"5,890",10406.98072,0.565966264
521,"5,830","11,300",0.5159,,521,"5,830",10294.80842,0.566304856
522,"5,840","11,300",0.5168,,522,"5,840",10489.1193,0.55676743
523,"5,850","11,300",0.5177,,523,"5,850",10472.22906,0.558620325
524,"5,850","11,300",0.5177,,524,"5,850",10455.91435,0.559491959
525,"5,850","11,300",0.5177,,525,"5,850",10427.57819,0.561012336
526,"5,850","11,500",0.5087,,526,"5,850",10386.48403,0.563231983
527,"5,860","11,300",0.5186,,527,"5,860",11266.09906,0.520144548
528,"5,870","11,400",0.5149,,528,"5,870",11227.49972,0.522823438
529,"5,870","11,300",0.5195,,529,"5,870",11091.00791,0.529257579
530,"5,870","11,400",0.5149,,530,"5,870",11089.73102,0.529318519
531,"5,860","10,600",0.5528,,531,"5,860",10954.8941,0.534920735
532,"5,860","11,300",0.5186,,532,"5,860",10852.69423,0.539958085
533,"5,870","11,300",0.5195,,533,"5,870",10853.35805,0.540846434
534,"5,810","11,200",0.5188,,534,"5,810",10683.28287,0.543840322
535,"5,860","11,400",0.514,,535,"5,860",10743.17802,0.545462431
536,"5,900","11,400",0.5175,,536,"5,900",10790.57568,0.546773423
537,"5,830","11,300",0.5159,,537,"5,830",10658.01333,0.547006259
538,"5,860","11,300",0.5186,,538,"5,860",10668.63282,0.549273754
539,"5,870","11,400",0.5149,,539,"5,870",10588.58859,0.554370391
540,"5,860","11,300",0.5186,,540,"5,860",10313.71362,0.568175559
541,"5,860","10,900",0.5376,,541,"5,860",10406.92915,0.563086374
542,"5,850","11,300",0.5177,,542,"5,850",10374.20854,0.563898439
543,"5,810","11,400",0.5096,,543,"5,810",10273.72827,0.565520116
544,"5,820","11,300",0.515,,544,"5,820",10253.3857,0.567617387
545,"5,850","11,300",0.5177,,545,"5,850",10297.42544,0.568103167
546,"5,820","11,300",0.515,,546,"5,820",10252.32534,0.567676094
547,"5,830","11,300",0.5159,,547,"5,830",11259.53011,0.517783597
548,"5,860","10,900",0.5376,,548,"5,860",11293.23206,0.518894854
549,"5,860","11,300",0.5186,,549,"5,860",11289.51915,0.519065509
550,"5,850","11,400",0.5132,,550,"5,850",11222.58545,0.521270257
551,"5,830","11,300",0.5159,,551,"5,830",10928.76929,0.533454394
552,"5,860","11,300",0.5186,,552,"5,860",10625.18554,0.551519781
553,"5,840","11,300",0.5168,,553,"5,840",10558.97562,0.553083955
554,"5,770","11,300",0.5106,,554,"5,770",10275.70363,0.561518725
555,"5,870","11,300",0.5195,,555,"5,870",10438.44651,0.562344214
556,"5,840","11,300",0.5168,,556,"5,840",10364.33675,0.563470692
557,"5,810","11,300",0.5142,,557,"5,810",10347.44542,0.561491244
558,"5,870","10,600",0.5538,,558,"5,870",10450.9329,0.561672346
559,"5,830","11,300",0.5159,,559,"5,830",10340.86813,0.563782453
560,"5,850","11,400",0.5132,,560,"5,850",10361.8559,0.564570677
561,"5,870","11,400",0.5149,,561,"5,870",10375.055,0.565780133
562,"5,840","11,100",0.5261,,562,"5,840",10387.49026,0.562214727
563,"5,860","11,300",0.5186,,563,"5,860",10420.11048,0.562374076
564,"5,880","11,200",0.525,,564,"5,880",10439.03594,0.563270405
565,"5,850","11,300",0.5177,,565,"5,850",10355.70895,0.564905795
566,"5,890","10,800",0.5454,,566,"5,890",10418.18882,0.565357386
567,"5,880","11,300",0.5204,,567,"5,880",11387.21711,0.516368481
568,"5,870","10,800",0.5435,,568,"5,870",11289.24117,0.519964089
569,"5,830","11,100",0.5252,,569,"5,830",11189.38532,0.521029514
570,"5,840","11,400",0.5123,,570,"5,840",11045.2745,0.528732898
571,"5,850","10,900",0.5367,,571,"5,850",11146.37957,0.524834092
572,"5,870","11,300",0.5195,,572,"5,870",11216.6817,0.523327679
573,"5,870","11,400",0.5149,,573,"5,870",11171.24231,0.525456331
574,"5,810","11,400",0.5096,,574,"5,810",11031.40944,0.52667794
575,"5,840","11,300",0.5168,,575,"5,840",10856.56863,0.537923187
576,"5,880","11,000",0.5345,,576,"5,880",10704.98769,0.549276671
577,"5,860","11,100",0.5279,,577,"5,860",10611.30741,0.552241093
578,"5,880","11,400",0.5158,,578,"5,880",10677.42142,0.550694758
579,"5,850","11,400",0.5132,,579,"5,850",10685.78787,0.547456123
580,"5,850","11,300",0.5177,,580,"5,850",10701.94254,0.546629733
581,"5,880","11,300",0.5204,,581,"5,880",10709.15188,0.549063088
582,"5,880","11,300",0.5204,,582,"5,880",10707.24233,0.549161009
583,"5,840","11,300",0.5168,,583,"5,840",10632.49564,0.549259571
584,"5,860","11,400",0.514,,584,"5,860",10755.44988,0.544840064
585,"5,840","11,200",0.5214,,585,"5,840",10727.25597,0.54440763
586,"5,870","10,800",0.5435,,586,"5,870",10779.33502,0.544560494
587,"5,860","11,200",0.5232,,587,"5,860",11254.70605,0.520671084
588,"5,850","11,300",0.5177,,588,"5,850",11232.4713,0.52081148
589,"5,870","11,400",0.5149,,589,"5,870",11295.98543,0.519653645
590,"5,880","11,400",0.5158,,590,"5,880",11273.03325,0.521598746
591,"5,850","11,400",0.5132,,591,"5,850",11202.49022,0.522205321
592,"5,900","11,400",0.5175,,592,"5,900",11224.82254,0.525620782
593,"5,860","11,400",0.514,,593,"5,860",11161.00394,0.525042374
594,"5,840","11,300",0.5168,,594,"5,840",11136.70615,0.524392035
595,"5,860","11,400",0.514,,595,"5,860",11155.32707,0.525309564
596,"5,840","11,400",0.5123,,596,"5,840",11107.46131,0.525772707
597,"5,890","11,300",0.5212,,597,"5,890",11157.01657,0.527918908
598,"5,840","11,400",0.5123,,598,"5,840",11171.04917,0.522779903
599,"5,860","11,400",0.514,,599,"5,860",10952.43102,0.535041032
600,"5,840","11,300",0.5168,,600,"5,840",10874.83216,0.537019782
601,"5,830","11,300",0.5159,,601,"5,830",10826.7763,0.538479769
602,"5,840","11,300",0.5168,,602,"5,840",10841.67294,0.538662256
603,"5,850","11,400",0.5132,,603,"5,850",10816.27819,0.540851474
604,"5,890","11,400",0.5167,,604,"5,890",10835.00473,0.543608438
605,"5,830","11,300",0.5159,,605,"5,830",10766.29986,0.541504516
606,"5,870","11,400",0.5149,,606,"5,870",10736.88546,0.546713479
607,"5,850","11,300",0.5177,,607,"5,850",11268.61851,0.519140833
608,"5,840","11,300",0.5168,,608,"5,840",11225.88809,0.520226102
609,"5,880","11,400",0.5158,,609,"5,880",11319.37519,0.519463301
610,"5,840","11,300",0.5168,,610,"5,840",11238.40043,0.519646905
611,"5,850","11,300",0.5177,,611,"5,850",11250.74386,0.519965619
612,"5,860","11,300",0.5186,,612,"5,860",11232.03924,0.521721824
613,"5,890","11,400",0.5167,,613,"5,890",11265.66517,0.522827539
614,"5,860","11,300",0.5186,,614,"5,860",11188.8169,0.523737233
615,"5,900","11,400",0.5175,,615,"5,900",11223.36866,0.525688871
616,"5,850","11,300",0.5177,,616,"5,850",11251.72478,0.519920289
617,"5,850","11,300",0.5177,,617,"5,850",11255.54493,0.519743827
618,"5,890","11,400",0.5167,,618,"5,890",11289.01759,0.52174602
619,"5,850","11,300",0.5177,,619,"5,850",11199.1155,0.522362681
620,"5,870","11,400",0.5149,,620,"5,870",11005.39561,0.533374738
621,"5,850","11,300",0.5177,,621,"5,850",10960.68143,0.53372594
622,"5,840","11,300",0.5168,,622,"5,840",10927.41785,0.534435498
623,"5,850","11,300",0.5177,,623,"5,850",10956.381,0.53393543
624,"5,810","11,300",0.5142,,624,"5,810",10872.72494,0.534364663
625,"5,840","11,300",0.5168,,625,"5,840",10886.79481,0.536429693
626,"5,920","11,500",0.5148,,626,"5,920",10999.88737,0.538187329
627,"5,820","11,300",0.515,,627,"5,820",10877.57295,0.535045826
628,"5,890","11,400",0.5167,,628,"5,890",11126.63925,0.529360202
629,"5,860","11,300",0.5186,,629,"5,860",11049.29475,0.530350591
630,"5,870","11,400",0.5149,,630,"5,870",11058.48741,0.530814006
631,"5,840","10,600",0.5509,,631,"5,840",10959.21504,0.532884881
632,"5,830","11,300",0.5159,,632,"5,830",10922.46845,0.533762128
633,"5,850","11,300",0.5177,,633,"5,850",10936.35133,0.53491332
634,"5,830","11,200",0.5205,,634,"5,830",10879.89913,0.535850556
635,"5,870","11,400",0.5149,,635,"5,870",10941.1673,0.536505826
636,"5,870","11,400",0.5149,,636,"5,870",10916.8753,0.537699647
637,"5,880","11,300",0.5204,,637,"5,880",10919.28689,0.538496704
638,"5,810","11,300",0.5142,,638,"5,810",10758.43677,0.540041283
639,"5,890","11,400",0.5167,,639,"5,890",10926.78545,0.53904234
640,"5,870","11,300",0.5195,,640,"5,870",10879.36821,0.53955339
641,"5,800","10,900",0.5321,,641,"5,800",10730.17263,0.540531844
642,"5,840","11,300",0.5168,,642,"5,840",10760.87291,0.542706902
643,"5,840","11,400",0.5123,,643,"5,840",10778.01531,0.541843728
644,"5,870","11,300",0.5195,,644,"5,870",10771.90143,0.54493629
645,"5,840","11,300",0.5168,,645,"5,840",10295.51938,0.567237046
646,"5,830","11,300",0.5159,,646,"5,830",10221.43084,0.570370244
647,"5,850","11,300",0.5177,,647,"5,850",11104.58796,0.526809281
648,"5,860","10,900",0.5376,,648,"5,860",11019.82759,0.531768755
649,"5,830","11,300",0.5159,,649,"5,830",10864.9728,0.536586709
650,"5,840","11,400",0.5123,,650,"5,840",10833.24053,0.539081541
651,"5,850","11,300",0.5177,,651,"5,850",10836.43823,0.539845277
652,"5,840","11,300",0.5168,,652,"5,840",10794.59322,0.541011586
653,"5,840","11,300",0.5168,,653,"5,840",10752.21528,0.543143887
654,"5,830","11,300",0.5159,,654,"5,830",10719.77605,0.543854645
655,"5,860","11,300",0.5186,,655,"5,860",10801.61985,0.542511223
656,"5,840","11,300",0.5168,,656,"5,840",10737.33277,0.543896713
657,"5,840","11,300",0.5168,,657,"5,840",10719.8821,0.544782111
658,"5,830","10,600",0.55,,658,"5,830",10699.93907,0.544862916
659,"5,840","11,300",0.5168,,659,"5,840",10672.29871,0.54721107
660,"5,870","11,400",0.5149,,660,"5,870",10703.83439,0.548401609
661,"5,860","11,400",0.514,,661,"5,860",10674.40466,0.548976752
662,"5,880","11,100",0.5297,,662,"5,880",10711.07676,0.548964416
663,"5,830","11,300",0.5159,,663,"5,830",10630.92327,0.548400158
664,"5,820","11,200",0.5196,,664,"5,820",10571.78014,0.550522232
665,"5,820","11,300",0.515,,665,"5,820",10556.25497,0.55133189
666,"5,850","10,800",0.5417,,666,"5,850",10578.41634,0.553012834
667,"5,830","11,300",0.5159,,667,"5,830",11265.30115,0.517518344
668,"5,850","10,800",0.5417,,668,"5,850",11278.19131,0.518700192
669,"5,870","11,100",0.5288,,669,"5,870",11312.15113,0.518911031
670,"5,880","11,400",0.5158,,670,"5,880",11132.77271,0.528170309
671,"5,860","10,900",0.5376,,671,"5,860",11071.40424,0.529291486
672,"5,850","11,300",0.5177,,672,"5,850",10840.67759,0.539634165
673,"5,880","11,400",0.5158,,673,"5,880",10886.9718,0.540095089
674,"5,910","11,400",0.5184,,674,"5,910",10932.56568,0.540586736
675,"5,850","11,300",0.5177,,675,"5,850",10743.4418,0.544518238
676,"5,830","11,000",0.53,,676,"5,830",10690.18951,0.545359836
677,"5,850","11,100",0.527,,677,"5,850",10685.99401,0.547445562
678,"5,870","11,400",0.5149,,678,"5,870",10660.04382,0.550654397
679,"5,850","11,400",0.5132,,679,"5,850",10585.29265,0.552653592
680,"5,850","11,300",0.5177,,680,"5,850",10551.34813,0.554431522
681,"5,840","11,300",0.5168,,681,"5,840",10497.31632,0.556332668
682,"5,850","11,300",0.5177,,682,"5,850",10494.76124,0.557420971
683,"5,840","11,300",0.5168,,683,"5,840",10436.40861,0.55957947
684,"5,860","11,400",0.514,,684,"5,860",10468.03704,0.559799318
685,"5,820","11,200",0.5196,,685,"5,820",10373.61429,0.561038789
686,"5,870","10,800",0.5435,,686,"5,870",10450.09163,0.561717563
687,"5,850","11,200",0.5223,,687,"5,850",11033.41387,0.53020761
688,"5,810","11,300",0.5142,,688,"5,810",10940.03403,0.531076958
689,"5,880","11,400",0.5158,,689,"5,880",11082.0943,0.530585631
690,"5,860","11,400",0.514,,690,"5,860",10997.83101,0.532832337
691,"5,880","11,400",0.5158,,691,"5,880",11038.89668,0.532661929
692,"5,900","11,400",0.5175,,692,"5,900",11109.28459,0.531087304
693,"5,870","11,400",0.5149,,693,"5,870",11080.70706,0.529749588
694,"5,820","11,300",0.515,,694,"5,820",10858.37882,0.535991615
695,"5,890","11,400",0.5167,,695,"5,890",10962.28493,0.537296744
696,"5,860","11,400",0.514,,696,"5,860",10880.72032,0.538567285
697,"5,850","11,300",0.5177,,697,"5,850",10824.17862,0.540456713
698,"5,870","11,400",0.5149,,698,"5,870",10750.78438,0.546006672
699,"5,880","11,400",0.5158,,699,"5,880",10713.53532,0.548838439
700,"5,840","11,300",0.5168,,700,"5,840",10561.80366,0.552935861
701,"5,830","11,300",0.5159,,701,"5,830",10543.38387,0.552953404
702,"5,840","11,300",0.5168,,702,"5,840",10564.5545,0.552791885
703,"5,850","11,400",0.5132,,703,"5,850",10565.90896,0.553667462
704,"5,890","11,400",0.5167,,704,"5,890",10618.53444,0.554690483
705,"5,830","11,300",0.5159,,705,"5,830",10439.63078,0.558448869
706,"5,870","11,400",0.5149,,706,"5,870",10534.46376,0.557218681
707,"5,850","11,300",0.5177,,707,"5,850",11182.85631,0.523122165
708,"5,840","11,300",0.5168,,708,"5,840",11158.5174,0.52336702
709,"5,880","11,400",0.5158,,709,"5,880",11218.12618,0.524151708
710,"5,840","11,300",0.5168,,710,"5,840",11123.94526,0.524993594
711,"5,850","11,300",0.5177,,711,"5,850",11132.77053,0.525475665
712,"5,860","11,300",0.5186,,712,"5,860",11114.37852,0.527244955
713,"5,890","11,400",0.5167,,713,"5,890",11120.36102,0.529659063
714,"5,860","11,300",0.5186,,714,"5,860",11052.20771,0.53021081
715,"5,900","11,400",0.5175,,715,"5,900",11118.34996,0.53065428
716,"5,850","11,300",0.5177,,716,"5,850",11015.16397,0.531086057
717,"5,850","11,300",0.5177,,717,"5,850",10939.84805,0.534742345
718,"5,890","11,400",0.5167,,718,"5,890",10946.17328,0.53808759
719,"5,850","11,300",0.5177,,719,"5,850",10804.68451,0.54143182
720,"5,870","11,400",0.5149,,720,"5,870",10709.44835,0.548114133
721,"5,850","11,300",0.5177,,721,"5,850",10627.55448,0.550455894
722,"5,840","11,300",0.5168,,722,"5,840",10592.90701,0.551312307
723,"5,850","11,300",0.5177,,723,"5,850",10586.79249,0.552575297
724,"5,810","11,300",0.5142,,724,"5,810",10497.0977,0.553486322
725,"5,840","11,300",0.5168,,725,"5,840",10514.41502,0.555427952
726,"5,920","11,500",0.5148,,726,"5,920",10670.97754,0.55477579
727,"5,820","11,300",0.515,,727,"5,820",10960.3897,0.531003017
728,"5,890","11,400",0.5167,,728,"5,890",10522.08978,0.559774733
729,"5,860","11,300",0.5186,,729,"5,860",10456.63236,0.560409872
730,"5,870","11,400",0.5149,,730,"5,870",10438.09421,0.562363194
731,"5,840","10,600",0.5509,,731,"5,840",10371.39511,0.563087216
732,"5,830","11,300",0.5159,,732,"5,830",10333.09197,0.564206727
733,"5,850","11,300",0.5177,,733,"5,850",10357.45322,0.564810661
734,"5,830","11,200",0.5205,,734,"5,830",10306.69074,0.565651978
735,"5,870","11,400",0.5149,,735,"5,870",10393.17209,0.564793881
736,"5,870","11,400",0.5149,,736,"5,870",10354.71558,0.566891476
737,"5,880","11,300",0.5204,,737,"5,880",10328.02023,0.569324989
738,"5,810","11,300",0.5142,,738,"5,810",10256.10642,0.566491782
739,"5,890","11,400",0.5167,,739,"5,890",10382.41319,0.56730549
740,"5,870","11,300",0.5195,,740,"5,870",10281.35234,0.570936566
741,"5,800","10,900",0.5321,,741,"5,800",10147.41667,0.571574046
742,"5,840","11,300",0.5168,,742,"5,840",10175.66924,0.573918026
743,"5,840","11,400",0.5123,,743,"5,840",10094.92742,0.578508369
744,"5,870","11,300",0.5195,,744,"5,870",10132.43759,0.579327526
745,"5,840","11,300",0.5168,,745,"5,840",10039.24735,0.581716915
746,"5,830","11,300",0.5159,,746,"5,830",10007.53474,0.582561056
747,"5,850","11,300",0.5177,,747,"5,850",11247.07714,0.520135136
748,"5,860","10,900",0.5376,,748,"5,860",11177.4782,0.524268524
749,"5,830","11,300",0.5159,,749,"5,830",10940.39381,0.532887582
750,"5,840","11,400",0.5123,,750,"5,840",10920.37787,0.53478003
751,"5,850","11,300",0.5177,,751,"5,850",10844.27416,0.539455192
752,"5,840","11,300",0.5168,,752,"5,840",10759.26403,0.542788055
753,"5,840","11,300",0.5168,,753,"5,840",10736.29837,0.543949115
754,"5,830","11,300",0.5159,,754,"5,830",10677.44181,0.546010936
755,"5,860","11,300",0.5186,,755,"5,860",10685.07281,0.548428645
756,"5,840","11,300",0.5168,,756,"5,840",10622.87624,0.549756946
757,"5,840","11,300",0.5168,,757,"5,840",10595.49484,0.551177655
758,"5,830","10,600",0.55,,758,"5,830",10442.63627,0.558288142
759,"5,840","11,300",0.5168,,759,"5,840",10444.99385,0.559119525
760,"5,870","11,400",0.5149,,760,"5,870",10393.67446,0.564766582
761,"5,860","11,400",0.514,,761,"5,860",10358.34397,0.565727496
762,"5,880","11,100",0.5297,,762,"5,880",10389.83118,0.565937973
763,"5,830","11,300",0.5159,,763,"5,830",10289.56811,0.566593266
764,"5,820","11,200",0.5196,,764,"5,820",10259.06204,0.567303324
765,"5,820","11,300",0.515,,765,"5,820",10228.52466,0.568997015
766,"5,850","10,800",0.5417,,766,"5,850",10266.66052,0.569805536
767,"5,830","11,300",0.5159,,767,"5,830",11250.16204,0.518214758
768,"5,850","10,800",0.5417,,768,"5,850",11256.32087,0.519707999
769,"5,870","11,100",0.5288,,769,"5,870",11278.49238,0.520459632
770,"5,880","11,400",0.5158,,770,"5,880",11226.95337,0.523739594
771,"5,860","10,900",0.5376,,771,"5,860",11137.09846,0.526169363
772,"5,850","11,300",0.5177,,772,"5,850",11102.96005,0.526886521
773,"5,880","11,400",0.5158,,773,"5,880",11139.23887,0.527863714
774,"5,910","11,400",0.5184,,774,"5,910",11171.40591,0.529029206
775,"5,850","11,300",0.5177,,775,"5,850",11011.50056,0.531262744
776,"5,830","11,000",0.53,,776,"5,830",11053.16871,0.527450558
777,"5,850","11,100",0.527,,777,"5,850",11065.52255,0.528669114
778,"5,870","11,400",0.5149,,778,"5,870",11056.81053,0.530894509
779,"5,850","11,400",0.5132,,779,"5,850",10991.66345,0.532221536
780,"5,850","11,300",0.5177,,780,"5,850",10990.1028,0.532297114
781,"5,840","11,300",0.5168,,781,"5,840",10965.00956,0.532603275
782,"5,850","11,300",0.5177,,782,"5,850",10963.58078,0.533584795
783,"5,840","11,300",0.5168,,783,"5,840",10927.55108,0.534428982
784,"5,860","11,400",0.514,,784,"5,860",10969.96609,0.53418579
785,"5,820","11,200",0.5196,,785,"5,820",10852.54476,0.536279751
786,"5,870","10,800",0.5435,,786,"5,870",10920.67693,0.537512467
787,"5,850","11,200",0.5223,,787,"5,850",11213.85643,0.521676021
788,"5,810","11,300",0.5142,,788,"5,810",11103.38964,0.523263633
789,"5,880","11,400",0.5158,,789,"5,880",11209.71894,0.52454482
790,"5,860","11,400",0.514,,790,"5,860",10984.07852,0.533499464
791,"5,880","11,400",0.5158,,791,"5,880",11003.95997,0.534353089
792,"5,900","11,400",0.5175,,792,"5,900",11030.47485,0.534881778
793,"5,870","11,400",0.5149,,793,"5,870",10975.7094,0.534817367
794,"5,820","11,300",0.515,,794,"5,820",10838.71458,0.536964043
795,"5,890","11,400",0.5167,,795,"5,890",10951.21657,0.537839788
796,"5,860","11,400",0.514,,796,"5,860",10902.91115,0.537471132
797,"5,850","11,300",0.5177,,797,"5,850",10828.88325,0.540221911
798,"5,870","11,400",0.5149,,798,"5,870",10600.09213,0.553768772
799,"5,880","11,400",0.5158,,799,"5,880",10606.77369,0.554362728
800,"5,840","11,300",0.5168,,800,"5,840",10468.8423,0.557845828
801,"5,830","11,300",0.5159,,801,"5,830",10438.85283,0.558490487
802,"5,840","11,300",0.5168,,802,"5,840",10468.35745,0.557871665
803,"5,850","11,400",0.5132,,803,"5,850",10452.52127,0.55967358
804,"5,890","11,400",0.5167,,804,"5,890",10480.11193,0.562016898
805,"5,830","11,300",0.5159,,805,"5,830",10359.27501,0.562780696
806,"5,870","11,400",0.5149,,806,"5,870",10452.33161,0.561597184
807,"5,850","11,300",0.5177,,807,"5,850",11239.90912,0.520466842
808,"5,840","11,300",0.5168,,808,"5,840",11185.44864,0.522106908
809,"5,880","11,400",0.5158,,809,"5,880",11237.52106,0.523247073
810,"5,840","11,300",0.5168,,810,"5,840",11144.01224,0.52404824
811,"5,850","11,300",0.5177,,811,"5,850",11063.4973,0.52876589
812,"5,860","11,300",0.5186,,812,"5,860",11068.59746,0.529425704
813,"5,890","11,400",0.5167,,813,"5,890",11275.15683,0.522387412
814,"5,860","11,300",0.5186,,814,"5,860",11195.47318,0.523425844
815,"5,900","11,400",0.5175,,815,"5,900",11256.32762,0.524149634
816,"5,850","11,300",0.5177,,816,"5,850",11150.46618,0.524641742
817,"5,850","11,300",0.5177,,817,"5,850",11100.92826,0.526982957
818,"5,890","11,400",0.5167,,818,"5,890",11167.01989,0.527446002
819,"5,850","11,300",0.5177,,819,"5,850",11077.57547,0.528093897
820,"5,870","11,400",0.5149,,820,"5,870",11066.37964,0.530435444
821,"5,850","11,300",0.5177,,821,"5,850",11011.82542,0.531247071
822,"5,840","11,300",0.5168,,822,"5,840",10913.66422,0.535109005
823,"5,850","11,300",0.5177,,823,"5,850",10915.03591,0.535957925
824,"5,810","11,300",0.5142,,824,"5,810",10838.14458,0.536069616
825,"5,840","11,300",0.5168,,825,"5,840",10877.85918,0.536870344
826,"5,920","11,500",0.5148,,826,"5,920",11003.49905,0.538010679
827,"5,820","11,300",0.515,,827,"5,820",11207.61766,0.519289663
828,"5,890","11,400",0.5167,,828,"5,890",11364.13827,0.518297108
829,"5,860","11,300",0.5186,,829,"5,860",11281.67783,0.519426285
830,"5,870","11,400",0.5149,,830,"5,870",11277.13588,0.520522237
831,"5,840","10,600",0.5509,,831,"5,840",11219.88588,0.520504403
832,"5,830","11,300",0.5159,,832,"5,830",11203.56731,0.520369971
833,"5,850","11,300",0.5177,,833,"5,850",11198.97476,0.522369246
834,"5,830","11,200",0.5205,,834,"5,830",11199.08487,0.52057825
835,"5,870","11,400",0.5149,,835,"5,870",11231.11442,0.522655169
836,"5,870","11,400",0.5149,,836,"5,870",11033.69333,0.532006811
837,"5,880","11,300",0.5204,,837,"5,880",11033.12354,0.532940647
838,"5,810","11,300",0.5142,,838,"5,810",10896.99852,0.533174341
839,"5,890","11,400",0.5167,,839,"5,890",11034.86068,0.533762969
840,"5,870","11,300",0.5195,,840,"5,870",10954.75989,0.535840133
841,"5,800","10,900",0.5321,,841,"5,800",10813.76333,0.536353518
842,"5,840","11,300",0.5168,,842,"5,840",10843.53629,0.538569692
843,"5,840","11,400",0.5123,,843,"5,840",10830.84432,0.539200807
844,"5,870","11,300",0.5195,,844,"5,870",10871.99851,0.539919132
845,"5,840","11,300",0.5168,,845,"5,840",10751.95538,0.543157016
846,"5,830","11,300",0.5159,,846,"5,830",10715.74515,0.544059225
847,"5,850","11,300",0.5177,,847,"5,850",11296.00194,0.517882347
848,"5,860","10,900",0.5376,,848,"5,860",11318.593,0.517732195
849,"5,830","11,300",0.5159,,849,"5,830",11244.56359,0.518472767
850,"5,840","11,400",0.5123,,850,"5,840",11219.18829,0.520536767
851,"5,850","11,300",0.5177,,851,"5,850",11235.71428,0.520661157
852,"5,840","11,300",0.5168,,852,"5,840",11251.134,0.51905879
853,"5,840","11,300",0.5168,,853,"5,840",11206.88077,0.521108426
854,"5,830","11,300",0.5159,,854,"5,830",11147.33478,0.522994968
855,"5,860","11,300",0.5186,,855,"5,860",11183.02682,0.524008401
856,"5,840","11,300",0.5168,,856,"5,840",11125.90802,0.524900978
857,"5,840","11,300",0.5168,,857,"5,840",11144.12441,0.524042965
858,"5,830","10,600",0.55,,858,"5,830",10959.44416,0.531961285
859,"5,840","11,300",0.5168,,859,"5,840",10963.00722,0.532700552
860,"5,870","11,400",0.5149,,860,"5,870",11002.64263,0.533508194
861,"5,860","11,400",0.514,,861,"5,860",10965.32641,0.534411816
862,"5,880","11,100",0.5297,,862,"5,880",10989.57032,0.535052766
863,"5,830","11,300",0.5159,,863,"5,830",10882.94682,0.535700495
864,"5,820","11,200",0.5196,,864,"5,820",10830.74207,0.537359302
865,"5,820","11,300",0.515,,865,"5,820",10812.07613,0.538286998
866,"5,850","10,800",0.5417,,866,"5,850",10849.94797,0.539173093
867,"5,830","11,300",0.5159,,867,"5,830",11257.45094,0.517879228
868,"5,850","10,800",0.5417,,868,"5,850",11249.58999,0.520018952
869,"5,870","11,100",0.5288,,869,"5,870",11276.99396,0.520528788
870,"5,880","11,400",0.5158,,870,"5,880",11296.95384,0.520494293
871,"5,860","10,900",0.5376,,871,"5,860",11277.50458,0.519618499
872,"5,850","11,300",0.5177,,872,"5,850",11188.25559,0.522869714
873,"5,880","11,400",0.5158,,873,"5,880",11290.96641,0.520770303
874,"5,910","11,400",0.5184,,874,"5,910",11346.40686,0.520869741
875,"5,850","11,300",0.5177,,875,"5,850",11176.30081,0.523429004
876,"5,830","11,000",0.53,,876,"5,830",11135.8281,0.52353538
877,"5,850","11,100",0.527,,877,"5,850",11171.6555,0.523646652
878,"5,870","11,400",0.5149,,878,"5,870",11197.3877,0.524229415
879,"5,850","11,400",0.5132,,879,"5,850",11131.94849,0.525514469
880,"5,850","11,300",0.5177,,880,"5,850",11146.57515,0.524824883
881,"5,840","11,300",0.5168,,881,"5,840",11107.62584,0.525764919
882,"5,850","11,300",0.5177,,882,"5,850",11108.1808,0.526638889
883,"5,840","11,300",0.5168,,883,"5,840",11086.6149,0.526761329
884,"5,860","11,400",0.514,,884,"5,860",11080.07427,0.528877321
885,"5,820","11,200",0.5196,,885,"5,820",10994.12867,0.529373466
886,"5,870","10,800",0.5435,,886,"5,870",11102.68392,0.528700992
887,"5,850","11,200",0.5223,,887,"5,850",11236.52156,0.520623751
888,"5,810","11,300",0.5142,,888,"5,810",11154.2756,0.520876497
889,"5,880","11,400",0.5158,,889,"5,880",11273.00413,0.521600093
890,"5,860","11,400",0.514,,890,"5,860",10982.92228,0.533555629
891,"5,880","11,400",0.5158,,891,"5,880",11199.99042,0.525000449
892,"5,900","11,400",0.5175,,892,"5,900",11217.54648,0.525961716
893,"5,870","11,400",0.5149,,893,"5,870",11152.75375,0.52632741
894,"5,820","11,300",0.515,,894,"5,820",11038.15481,0.527262038
895,"5,890","11,400",0.5167,,895,"5,890",11139.3504,0.528756147
896,"5,860","11,400",0.514,,896,"5,860",11070.38737,0.529340104
897,"5,850","11,300",0.5177,,897,"5,850",11013.08485,0.531186319
898,"5,870","11,400",0.5149,,898,"5,870",11032.08281,0.532084476
899,"5,880","11,400",0.5158,,899,"5,880",11038.86713,0.532663355
900,"5,840","11,300",0.5168,,900,"5,840",10949.53062,0.533356196
901,"5,830","11,300",0.5159,,901,"5,830",10888.28905,0.535437659
902,"5,840","11,300",0.5168,,902,"5,840",10861.89379,0.537659465
903,"5,850","11,400",0.5132,,903,"5,850",10689.27264,0.547277649
904,"5,890","11,400",0.5167,,904,"5,890",10741.09312,0.54836132
905,"5,830","11,300",0.5159,,905,"5,830",10630.76598,0.548408272
906,"5,870","11,400",0.5149,,906,"5,870",10705.50209,0.548316179
907,"5,850","11,300",0.5177,,907,"5,850",11289.10247,0.518198857
908,"5,840","11,300",0.5168,,908,"5,840",11165.97264,0.523017581
909,"5,880","11,400",0.5158,,909,"5,880",11194.56453,0.525254911
910,"5,840","11,300",0.5168,,910,"5,840",11107.87368,0.525753188
911,"5,850","11,300",0.5177,,911,"5,850",11105.06085,0.526786848
912,"5,860","11,300",0.5186,,912,"5,860",11096.14856,0.52811117
913,"5,890","11,400",0.5167,,913,"5,890",11144.06578,0.528532415
914,"5,860","11,300",0.5186,,914,"5,860",11074.06129,0.52916449
915,"5,900","11,400",0.5175,,915,"5,900",11142.17409,0.529519639
916,"5,850","11,300",0.5177,,916,"5,850",11020.21309,0.53084273
917,"5,850","11,300",0.5177,,917,"5,850",10949.07077,0.534291916
918,"5,890","11,400",0.5167,,918,"5,890",10983.39931,0.53626385
919,"5,850","11,300",0.5177,,919,"5,850",10906.33441,0.536385533
920,"5,870","11,400",0.5149,,920,"5,870",10928.04398,0.537150108
921,"5,850","11,300",0.5177,,921,"5,850",10887.50375,0.537313248
922,"5,840","11,300",0.5168,,922,"5,840",10858.46972,0.537829008
923,"5,850","11,300",0.5177,,923,"5,850",10834.85818,0.539924003
924,"5,810","11,300",0.5142,,924,"5,810",10747.04339,0.540613803
925,"5,840","11,300",0.5168,,925,"5,840",10764.89368,0.542504197
926,"5,920","11,500",0.5148,,926,"5,920",10896.05826,0.543315744
927,"5,820","11,300",0.515,,927,"5,820",11014.57363,0.528390857
928,"5,890","11,400",0.5167,,928,"5,890",11118.98371,0.529724672
929,"5,860","11,300",0.5186,,929,"5,860",11022.65432,0.531632385
930,"5,870","11,400",0.5149,,930,"5,870",11025.92657,0.532381561
931,"5,840","10,600",0.5509,,931,"5,840",10990.41876,0.531371927
932,"5,830","11,300",0.5159,,932,"5,830",10982.35482,0.530851543
933,"5,850","11,300",0.5177,,933,"5,850",10998.80079,0.531876166
934,"5,830","11,200",0.5205,,934,"5,830",10969.66407,0.531465682
935,"5,870","11,400",0.5149,,935,"5,870",11023.89723,0.532479565
936,"5,870","11,400",0.5149,,936,"5,870",11018.32222,0.532748987
937,"5,880","11,300",0.5204,,937,"5,880",10995.24144,0.534776797
938,"5,810","11,300",0.5142,,938,"5,810",10879.40969,0.534036328
939,"5,890","11,400",0.5167,,939,"5,890",11010.67567,0.534935382
940,"5,870","11,300",0.5195,,940,"5,870",10948.18209,0.536162072
941,"5,800","10,900",0.5321,,941,"5,800",10809.94735,0.536542854
942,"5,840","11,300",0.5168,,942,"5,840",10843.30733,0.538581064
943,"5,840","11,400",0.5123,,943,"5,840",10828.36102,0.539324464
944,"5,870","11,300",0.5195,,944,"5,870",10842.47643,0.541389233
945,"5,840","11,300",0.5168,,945,"5,840",10770.47985,0.542222824
946,"5,830","11,300",0.5159,,946,"5,830",10735.20822,0.543072838
947,"5,850","11,300",0.5177,,947,"5,850",11243.8532,0.520284274
948,"5,860","10,900",0.5376,,948,"5,860",11234.0992,0.521626158
949,"5,830","11,300",0.5159,,949,"5,830",11160.17344,0.522393315
950,"5,840","11,400",0.5123,,950,"5,840",11143.03867,0.524094026
951,"5,850","11,300",0.5177,,951,"5,850",11165.51642,0.523934566
952,"5,840","11,300",0.5168,,952,"5,840",11119.81975,0.525188369
953,"5,840","11,300",0.5168,,953,"5,840",11109.97488,0.525653754
954,"5,830","11,300",0.5159,,954,"5,830",11045.2218,0.527830052
955,"5,860","11,300",0.5186,,955,"5,860",11098.37155,0.52800539
956,"5,840","11,300",0.5168,,956,"5,840",11065.0896,0.527786056
957,"5,840","11,300",0.5168,,957,"5,840",11042.77514,0.528852569
958,"5,830","10,600",0.55,,958,"5,830",11036.83211,0.528231284
959,"5,840","11,300",0.5168,,959,"5,840",11039.37534,0.52901544
960,"5,870","11,400",0.5149,,960,"5,870",11053.80556,0.531038832
961,"5,860","11,400",0.514,,961,"5,860",10992.93607,0.533069597
962,"5,880","11,100",0.5297,,962,"5,880",11013.08908,0.533910146
963,"5,830","11,300",0.5159,,963,"5,830",10884.7848,0.535610038
964,"5,820","11,200",0.5196,,964,"5,820",10872.84574,0.535278449
965,"5,820","11,300",0.515,,965,"5,820",10857.40516,0.536039681
966,"5,850","10,800",0.5417,,966,"5,850",10906.10751,0.536396693
967,"5,830","11,300",0.5159,,967,"5,830",11228.44316,0.519217127
968,"5,850","10,800",0.5417,,968,"5,850",11155.41251,0.524409115
969,"5,870","11,100",0.5288,,969,"5,870",11147.57192,0.526572068
970,"5,880","11,400",0.5158,,970,"5,880",11180.86736,0.525898377
971,"5,860","10,900",0.5376,,971,"5,860",11125.2099,0.526731635
972,"5,850","11,300",0.5177,,972,"5,850",11032.44318,0.530254261
973,"5,880","11,400",0.5158,,973,"5,880",11094.30271,0.530001763
974,"5,910","11,400",0.5184,,974,"5,910",11111.73442,0.531870163
975,"5,850","11,300",0.5177,,975,"5,850",10981.07957,0.532734506
976,"5,830","11,000",0.53,,976,"5,830",10946.03935,0.532612739
977,"5,850","11,100",0.527,,977,"5,850",10978.92957,0.532838831
978,"5,870","11,400",0.5149,,978,"5,870",10975.73332,0.534816201
979,"5,850","11,400",0.5132,,979,"5,850",10923.47998,0.535543619
980,"5,850","11,300",0.5177,,980,"5,850",10904.91057,0.536455568
981,"5,840","11,300",0.5168,,981,"5,840",10858.06769,0.537848922
982,"5,850","11,300",0.5177,,982,"5,850",10841.1627,0.539610018
983,"5,840","11,300",0.5168,,983,"5,840",10805.48736,0.540466136
984,"5,860","11,400",0.514,,984,"5,860",10824.70827,0.541354081
985,"5,820","11,200",0.5196,,985,"5,820",10687.73943,0.544549204
986,"5,870","10,800",0.5435,,986,"5,870",10754.96029,0.54579467
987,"5,850","11,200",0.5223,,987,"5,850",11075.53703,0.528191092
988,"5,810","11,300",0.5142,,988,"5,810",11015.82499,0.527423049
989,"5,880","11,400",0.5158,,989,"5,880",11088.29415,0.530288963
990,"5,860","11,400",0.514,,990,"5,860",11078.81978,0.528937208
991,"5,880","11,400",0.5158,,991,"5,880",11131.86818,0.528213226
992,"5,900","11,400",0.5175,,992,"5,900",11137.71242,0.52973176
993,"5,870","11,400",0.5149,,993,"5,870",11054.42408,0.53100912
994,"5,820","11,300",0.515,,994,"5,820",10939.70975,0.532006802
995,"5,890","11,400",0.5167,,995,"5,890",11067.36525,0.532195321
996,"5,860","11,400",0.514,,996,"5,860",10988.17093,0.533300769
997,"5,850","11,300",0.5177,,997,"5,850",10931.57516,0.535147032
998,"5,870","11,400",0.5149,,998,"5,870",10955.01208,0.535827798
999,"5,880","11,400",0.5158,,999,"5,880",10972.04816,0.535907236
